-- phpMyAdmin SQL Dump
-- version 3.5.2.2
-- http://www.phpmyadmin.net
--
-- Host: 127.0.0.1
-- Generation Time: Mar 03, 2017 at 11:30 AM
-- Server version: 5.5.27
-- PHP Version: 5.4.7

SET SQL_MODE="NO_AUTO_VALUE_ON_ZERO";
SET time_zone = "+00:00";


/*!40101 SET @OLD_CHARACTER_SET_CLIENT=@@CHARACTER_SET_CLIENT */;
/*!40101 SET @OLD_CHARACTER_SET_RESULTS=@@CHARACTER_SET_RESULTS */;
/*!40101 SET @OLD_COLLATION_CONNECTION=@@COLLATION_CONNECTION */;
/*!40101 SET NAMES utf8 */;

--
-- Database: `UrbanMoto`
--

-- --------------------------------------------------------

--
-- Table structure for table `category`
--
create database UrbanMoto;
use UrbanMoto;
CREATE TABLE IF NOT EXISTS `category` (
  `id` int(11) NOT NULL AUTO_INCREMENT,
  `categoryname` varchar(255) NOT NULL,
  PRIMARY KEY (`id`)
) ENGINE=InnoDB  DEFAULT CHARSET=latin1 AUTO_INCREMENT=11 ;

--
-- Dumping data for table `category`
--

INSERT INTO `category` (`id`, `categoryname`) VALUES
(5, 'Young'),
(6, 'New Baby'),
(8, 'Kids'),
(9, 'Yoddha'),
(10, 'Angel');

-- --------------------------------------------------------

--
-- Table structure for table `enquiry`
--

CREATE TABLE IF NOT EXISTS `enquiry` (
  `id` int(11) NOT NULL AUTO_INCREMENT,
  `name` varchar(255) NOT NULL,
  `emailid` varchar(255) NOT NULL,
  `contact` varchar(15) NOT NULL,
  `message` text NOT NULL,
  `isread` varchar(15) NOT NULL,
  `pid` varchar(255) NOT NULL,
  PRIMARY KEY (`id`)
) ENGINE=InnoDB  DEFAULT CHARSET=latin1 AUTO_INCREMENT=9 ;

--
-- Dumping data for table `enquiry`
--

INSERT INTO `enquiry` (`id`, `name`, `emailid`, `contact`, `message`, `isread`, `pid`) VALUES
(7, 'DNGF', 'NFN', 'NFN', 'NFHNFN', 'Unread', '4'),
(8, 'DFGH', 'FDGH', '63553', 'CB \r\nBNXNLN MIMIM   N NOV   N NO IO N UON BBN BN UOB BO N ON   NO N N NB IO N  ', 'Read', '4');

-- --------------------------------------------------------

--
-- Table structure for table `message`
--

CREATE TABLE IF NOT EXISTS `message` (
  `id` int(11) NOT NULL AUTO_INCREMENT,
  `name` varchar(255) NOT NULL,
  `mobileno` varchar(10) NOT NULL,
  `emailid` varchar(255) NOT NULL,
  `subject` varchar(255) NOT NULL,
  `message` text NOT NULL,
  `senddate` varchar(255) NOT NULL,
  `isread` varchar(15) NOT NULL,
  PRIMARY KEY (`id`)
) ENGINE=InnoDB  DEFAULT CHARSET=latin1 AUTO_INCREMENT=7 ;

-- --------------------------------------------------------

--
-- Table structure for table `product`
--

CREATE TABLE IF NOT EXISTS `product` (
  `id` int(11) NOT NULL AUTO_INCREMENT,
  `productname` varchar(255) NOT NULL,
  `category` varchar(255) NOT NULL,
  `description` text NOT NULL,
  `price` varchar(15) NOT NULL,
  `rprice` varchar(15) NOT NULL,
  `status` varchar(15) NOT NULL,
  `image` varchar(255) NOT NULL,
  PRIMARY KEY (`id`)
) ENGINE=InnoDB  DEFAULT CHARSET=latin1 AUTO_INCREMENT=23 ;

--
-- Dumping data for table `product`
--

INSERT INTO `product` (`id`, `productname`, `category`, `description`, `price`, `rprice`, `status`, `image`) VALUES
(2, 'Yoddha', '9', '<div class="feature" data-feature-name="featurebullets" id="featurebullets_feature_div" style="box-sizing: border-box; color: rgb(17, 17, 17); font-family: Arial, sans-serif;">\r\n<div class="a-section a-spacing-medium a-spacing-top-small" id="feature-bullets" style="box-sizing: border-box; margin-top: 10px !important; margin-bottom: 0px;">\r\n<ul class="a-unordered-list a-vertical a-spacing-none" style="box-sizing: border-box; margin-top: 0px; margin-right: 0px; margin-left: 18px; color: rgb(148, 148, 148); padding-right: 0px; padding-left: 0px; margin-bottom: 0px !important;">\r\n	<li style="box-sizing: border-box; list-style: disc; word-wrap: break-word; margin: 0px;"><span class="a-list-item" style="box-sizing: border-box; color: rgb(17, 17, 17);">Wheel Size: 28</span></li>\r\n	<li style="box-sizing: border-box; list-style: disc; word-wrap: break-word; margin: 0px;"><span class="a-list-item" style="box-sizing: border-box; color: rgb(17, 17, 17);">Frame Size: 22</span></li>\r\n	<li style="box-sizing: border-box; list-style: disc; word-wrap: break-word; margin: 0px;"><span class="a-list-item" style="box-sizing: border-box; color: rgb(17, 17, 17);">Frame Material: Steel Frame -Suspension</span></li>\r\n	<li style="box-sizing: border-box; list-style: disc; word-wrap: break-word; margin: 0px;"><span class="a-list-item" style="box-sizing: border-box; color: rgb(17, 17, 17);">senior Bike</span></li>\r\n	<li style="box-sizing: border-box; list-style: disc; word-wrap: break-word; margin: 0px;"><span class="a-list-item" style="box-sizing: border-box; color: rgb(17, 17, 17);">Single Speed</span></li>\r\n	<li style="box-sizing: border-box; list-style: disc; word-wrap: break-word; margin: 0px;"><span class="a-list-item" style="box-sizing: border-box; color: rgb(17, 17, 17);">&quot;85% Assembled</span></li>\r\n	<li>havy duty</li>\r\n</ul>\r\n</div>\r\n</div>\r\n\r\n<div class="feature" data-feature-name="giftCardHolidayAvailabilityMessaging" id="giftcard-holiday-availability-messaging_feature_div" style="box-sizing: border-box; color: rgb(17, 17, 17); font-family: Arial, sans-serif;">&nbsp;</div>\r\n\r\n<div class="feature" data-feature-name="andonCordPulling" id="andon-cord-pulling_feature_div" style="box-sizing: border-box; color: rgb(17, 17, 17); font-family: Arial, sans-serif;">&nbsp;</div>\r\n\r\n<div class="feature" data-feature-name="edpIngress" id="edpIngress_feature_div" style="box-sizing: border-box; color: rgb(17, 17, 17); font-family: Arial, sans-serif;">&nbsp;</div>\r\n\r\n<div class="feature" data-feature-name="originalPackagingMessage" id="originalPackagingMessage_feature_div" style="box-sizing: border-box; color: rgb(17, 17, 17); font-family: Arial, sans-serif;">&nbsp;</div>\r\n\r\n<div class="feature" data-feature-name="newerVersion" id="newerVersion_feature_div" style="box-sizing: border-box; color: rgb(17, 17, 17); font-family: Arial, sans-serif;">&nbsp;</div>\r\n', '4000', '3800', '1', '58b3bfb7c2687.png'),
(3, 'Young', '5', '<ul class="a-unordered-list a-vertical a-spacing-none" style="box-sizing: border-box; margin-top: 0px; margin-right: 0px; margin-left: 18px; color: rgb(148, 148, 148); padding-right: 0px; padding-left: 0px; font-family: Arial, sans-serif; margin-bottom: 0px !important;">\r\n	<li style="box-sizing: border-box; list-style: disc; word-wrap: break-word; margin: 0px;"><span class="a-list-item" style="box-sizing: border-box; color: rgb(17, 17, 17);">Frame - designer 6061 alloy frame with over sized head tube</span></li>\r\n	<li style="box-sizing: border-box; list-style: disc; word-wrap: break-word; margin: 0px;"><span class="a-list-item" style="box-sizing: border-box; color: rgb(17, 17, 17);">Tyres and tubes - innova 26 x 2.0 with av, rim - double wall alloy rims</span></li>\r\n	<li style="box-sizing: border-box; list-style: disc; word-wrap: break-word; margin: 0px;"><span class="a-list-item" style="box-sizing: border-box; color: rgb(17, 17, 17);">Brakes (front) - disc brake, brakes (rear) - v - brake</span></li>\r\n	<li style="box-sizing: border-box; list-style: disc; word-wrap: break-word; margin: 0px;"><span class="a-list-item" style="box-sizing: border-box; color: rgb(17, 17, 17);">Saddle - quick release front tyre and saddle, pedals - alloy pedals, suspension - dual-sport suspension</span></li>\r\n	<li style="box-sizing: border-box; list-style: disc; word-wrap: break-word; margin: 0px;"><span class="a-list-item" style="box-sizing: border-box; color: rgb(17, 17, 17);">Frame height 16.5&quot;, shifter - 21-speed shimano gear system with ezy fire shifters, Wheel Size: 26</span></li>\r\n</ul>\r\n', '4800', '4500', '1', '58b3c006ea422.jpg'),
(4, 'Angel', '10', '<ul class="a-unordered-list a-vertical a-spacing-none" style="box-sizing: border-box; margin-top: 0px; margin-right: 0px; margin-left: 18px; color: rgb(148, 148, 148); padding-right: 0px; padding-left: 0px; font-family: Arial, sans-serif; margin-bottom: 0px !important;">\r\n	<li style="box-sizing: border-box; list-style: disc; word-wrap: break-word; margin: 0px;"><span class="a-list-item" style="box-sizing: border-box; color: rgb(17, 17, 17);">Frame : 48.5 CM (19&quot;) Steel, Mig Welded</span></li>\r\n	<li style="box-sizing: border-box; list-style: disc; word-wrap: break-word; margin: 0px;"><span class="a-list-item" style="box-sizing: border-box; color: rgb(17, 17, 17);">Wheel : 40-590 (26 x 1.3/8) Steel Rim</span></li>\r\n	<li style="box-sizing: border-box; list-style: disc; word-wrap: break-word; margin: 0px;"><span class="a-list-item" style="box-sizing: border-box; color: rgb(17, 17, 17);">Brakes : Caliper Brakes With PVC Lever</span></li>\r\n	<li style="box-sizing: border-box; list-style: disc; word-wrap: break-word; margin: 0px;"><span class="a-list-item" style="box-sizing: border-box; color: rgb(17, 17, 17);">Stand : Kick Stand (With Front Basket, Dress Guard &amp; Carrier)&quot;</span></li>\r\n	<li style="box-sizing: border-box; list-style: disc; word-wrap: break-word; margin: 0px;"><span class="a-list-item" style="box-sizing: border-box; color: rgb(17, 17, 17);">Other Available Colour: Rich Burgundy</span></li>\r\n</ul>\r\n', '3800', '3500', '1', '58b3c01934382.png'),
(5, 'Kids', '8', '<ul class="a-unordered-list a-vertical a-spacing-none" style="box-sizing: border-box; margin: 0px 0px 18px 18px; color: rgb(148, 148, 148); padding-right: 0px; padding-left: 0px; font-family: Arial, sans-serif;">\r\n	<li style="box-sizing: border-box; list-style: disc; word-wrap: break-word; margin: 0px;"><span class="a-list-item" style="box-sizing: border-box; color: rgb(17, 17, 17);">Steel Frame 9.5&quot;</span></li>\r\n	<li style="box-sizing: border-box; list-style: disc; word-wrap: break-word; margin: 0px;"><span class="a-list-item" style="box-sizing: border-box; color: rgb(17, 17, 17);">Rims/ Wheels: Bpc Steel 16&quot;</span></li>\r\n	<li style="box-sizing: border-box; list-style: disc; word-wrap: break-word; margin: 0px;"><span class="a-list-item" style="box-sizing: border-box; color: rgb(17, 17, 17);">Pedals With Reflectors</span></li>\r\n	<li style="box-sizing: border-box; list-style: disc; word-wrap: break-word; margin: 0px;"><span class="a-list-item" style="box-sizing: border-box; color: rgb(17, 17, 17);">Calliper Brakes</span></li>\r\n	<li style="box-sizing: border-box; list-style: disc; word-wrap: break-word; margin: 0px;"><span class="a-list-item" style="box-sizing: border-box; color: rgb(17, 17, 17);">Speed: Single Kindly note: This product will be shipped in a semi assembled/dismantled state</span></li>\r\n</ul>\r\n', '1800', '1500', '1', '58b3c025a336e.jpg'),
(6, 'Traycycle', '6', '<ul class="a-unordered-list a-vertical a-spacing-none" style="box-sizing: border-box; margin: 0px 0px 18px 18px; color: rgb(148, 148, 148); padding-right: 0px; padding-left: 0px; font-family: Arial, sans-serif;">\r\n	<li style="box-sizing: border-box; list-style: disc; word-wrap: break-word; margin: 0px;"><span class="a-list-item" style="box-sizing: border-box; color: rgb(17, 17, 17);">Solid Rubber Tyres</span></li>\r\n	<li style="box-sizing: border-box; list-style: disc; word-wrap: break-word; margin: 0px;"><span class="a-list-item" style="box-sizing: border-box; color: rgb(17, 17, 17);">Musical Horn</span></li>\r\n	<li style="box-sizing: border-box; list-style: disc; word-wrap: break-word; margin: 0px;"><span class="a-list-item" style="box-sizing: border-box; color: rgb(17, 17, 17);">Basket</span></li>\r\n	<li style="box-sizing: border-box; list-style: disc; word-wrap: break-word; margin: 0px;"><span class="a-list-item" style="box-sizing: border-box; color: rgb(17, 17, 17);">Recommended age to use this product is 1 year to 2 years</span></li>\r\n</ul>\r\n', '1000', '800', '1', '58b3c5da89213.jpg'),
(7, 'Palna', '6', '<ul class="a-unordered-list a-vertical a-spacing-none" style="box-sizing: border-box; margin: 0px 0px 18px 18px; color: rgb(148, 148, 148); padding-right: 0px; padding-left: 0px; font-family: Arial, sans-serif;">\r\n	<li style="box-sizing: border-box; list-style: disc; word-wrap: break-word; margin: 0px;"><span class="a-list-item" style="box-sizing: border-box; color: rgb(17, 17, 17);">A safe comfortable space for baby</span></li>\r\n	<li style="box-sizing: border-box; list-style: disc; word-wrap: break-word; margin: 0px;"><span class="a-list-item" style="box-sizing: border-box; color: rgb(17, 17, 17);">Two step height adjustable with auto lock</span></li>\r\n	<li style="box-sizing: border-box; list-style: disc; word-wrap: break-word; margin: 0px;"><span class="a-list-item" style="box-sizing: border-box; color: rgb(17, 17, 17);">Two side bearing for smooth motion</span></li>\r\n	<li style="box-sizing: border-box; list-style: disc; word-wrap: break-word; margin: 0px;"><span class="a-list-item" style="box-sizing: border-box; color: rgb(17, 17, 17);">Easy to remove, washable cover</span></li>\r\n	<li style="box-sizing: border-box; list-style: disc; word-wrap: break-word; margin: 0px;"><span class="a-list-item" style="box-sizing: border-box; color: rgb(17, 17, 17);">Includes pvc mattress</span></li>\r\n	<li style="box-sizing: border-box; list-style: disc; word-wrap: break-word; margin: 0px;"><span class="a-list-item" style="box-sizing: border-box; color: rgb(17, 17, 17);">Compact folding for storage</span></li>\r\n</ul>\r\n', '1000', '800', '1', '58b3c619aabe3.jpg'),
(8, 'Car', '6', '<ul class="a-unordered-list a-vertical a-spacing-none" style="padding-right: 0px; padding-left: 0px; box-sizing: border-box; margin: 0px 0px 18px 18px; color: rgb(148, 148, 148); font-family: Arial, sans-serif;">\r\n	<li style="box-sizing: border-box; list-style: disc; word-wrap: break-word; margin: 0px;"><span class="a-list-item" style="box-sizing: border-box; color: rgb(17, 17, 17);">Solid Rubber Tyres</span></li>\r\n	<li style="box-sizing: border-box; list-style: disc; word-wrap: break-word; margin: 0px;"><span class="a-list-item" style="box-sizing: border-box; color: rgb(17, 17, 17);">Musical Horn</span></li>\r\n	<li style="box-sizing: border-box; list-style: disc; word-wrap: break-word; margin: 0px;"><span class="a-list-item" style="box-sizing: border-box; color: rgb(17, 17, 17);">Basket</span></li>\r\n	<li style="box-sizing: border-box; list-style: disc; word-wrap: break-word; margin: 0px;"><span class="a-list-item" style="box-sizing: border-box; color: rgb(17, 17, 17);">Recommended age to use this product is 1 year to 2 years</span></li>\r\n</ul>\r\n', '2000', '1800', '1', '58b3c64218c49.jpg'),
(9, 'Horse', '6', '<ul class="a-unordered-list a-vertical a-spacing-none" style="padding-right: 0px; padding-left: 0px; box-sizing: border-box; margin: 0px 0px 18px 18px; color: rgb(148, 148, 148); font-family: Arial, sans-serif;">\r\n	<li style="box-sizing: border-box; list-style: disc; word-wrap: break-word; margin: 0px;"><span class="a-list-item" style="box-sizing: border-box; color: rgb(17, 17, 17);">Solid Rubber Tyres</span></li>\r\n	<li style="box-sizing: border-box; list-style: disc; word-wrap: break-word; margin: 0px;"><span class="a-list-item" style="box-sizing: border-box; color: rgb(17, 17, 17);">Musical Horn</span></li>\r\n	<li style="box-sizing: border-box; list-style: disc; word-wrap: break-word; margin: 0px;"><span class="a-list-item" style="box-sizing: border-box; color: rgb(17, 17, 17);">Basket</span></li>\r\n	<li style="box-sizing: border-box; list-style: disc; word-wrap: break-word; margin: 0px;"><span class="a-list-item" style="box-sizing: border-box; color: rgb(17, 17, 17);">Recommended age to use this product is 1 year to 2 years</span></li>\r\n</ul>\r\n', '1800', '1600', '1', '58b3c6d515b0f.jpg'),
(10, 'Scooter', '6', '<ul class="a-unordered-list a-vertical a-spacing-none" style="padding-right: 0px; padding-left: 0px; box-sizing: border-box; margin: 0px 0px 18px 18px; color: rgb(148, 148, 148); font-family: Arial, sans-serif;">\r\n	<li style="box-sizing: border-box; list-style: disc; word-wrap: break-word; margin: 0px;"><span class="a-list-item" style="box-sizing: border-box; color: rgb(17, 17, 17);">Solid Rubber Tyres</span></li>\r\n	<li style="box-sizing: border-box; list-style: disc; word-wrap: break-word; margin: 0px;"><span class="a-list-item" style="box-sizing: border-box; color: rgb(17, 17, 17);">Musical Horn</span></li>\r\n	<li style="box-sizing: border-box; list-style: disc; word-wrap: break-word; margin: 0px;"><span class="a-list-item" style="box-sizing: border-box; color: rgb(17, 17, 17);">Recommended age to use this product is 1 year to 2 years</span></li>\r\n</ul>\r\n', '1000', '800', '1', '58b3c7a8ee6ee.jpg'),
(11, 'Traycycle', '6', '<ul class="a-unordered-list a-vertical a-spacing-none" style="padding-right: 0px; padding-left: 0px; box-sizing: border-box; margin: 0px 0px 18px 18px; color: rgb(148, 148, 148); font-family: Arial, sans-serif;">\r\n	<li style="box-sizing: border-box; list-style: disc; word-wrap: break-word; margin: 0px;"><span class="a-list-item" style="box-sizing: border-box; color: rgb(17, 17, 17);">Solid Rubber Tyres</span></li>\r\n	<li style="box-sizing: border-box; list-style: disc; word-wrap: break-word; margin: 0px;"><span class="a-list-item" style="box-sizing: border-box; color: rgb(17, 17, 17);">Musical Horn</span></li>\r\n	<li style="box-sizing: border-box; list-style: disc; word-wrap: break-word; margin: 0px;"><span class="a-list-item" style="box-sizing: border-box; color: rgb(17, 17, 17);">Recommended age to use this product is 1 year to 2 years</span></li>\r\n</ul>\r\n', '1800', '1500', '1', '58b3c7e4290b2.jpg'),
(12, 'Renger with gear', '5', '<ul class="a-unordered-list a-vertical a-spacing-none" style="box-sizing: border-box; margin-top: 0px; margin-right: 0px; margin-left: 18px; color: rgb(148, 148, 148); padding-right: 0px; padding-left: 0px; font-family: Arial, sans-serif; margin-bottom: 0px !important;">\r\n	<li style="box-sizing: border-box; list-style: disc; word-wrap: break-word; margin: 0px;"><span class="a-list-item" style="box-sizing: border-box; color: rgb(17, 17, 17);">Wheel Size: 24</span></li>\r\n	<li style="box-sizing: border-box; list-style: disc; word-wrap: break-word; margin: 0px;"><span class="a-list-item" style="box-sizing: border-box; color: rgb(17, 17, 17);">Frame Size: 17</span></li>\r\n	<li style="box-sizing: border-box; list-style: disc; word-wrap: break-word; margin: 0px;"><span class="a-list-item" style="box-sizing: border-box; color: rgb(17, 17, 17);">Frame Material: Steel Frame - Suspension</span></li>\r\n	<li style="box-sizing: border-box; list-style: disc; word-wrap: break-word; margin: 0px;"><span class="a-list-item" style="box-sizing: border-box; color: rgb(17, 17, 17);">Junior Bike</span></li>\r\n	<li style="box-sizing: border-box; list-style: disc; word-wrap: break-word; margin: 0px;"><span class="a-list-item" style="box-sizing: border-box; color: rgb(17, 17, 17);">18 speed</span></li>\r\n	<li style="box-sizing: border-box; list-style: disc; word-wrap: break-word; margin: 0px;"><span class="a-list-item" style="box-sizing: border-box; color: rgb(17, 17, 17);">&quot;85% Assembled</span></li>\r\n</ul>\r\n', '4800', '4500', '1', '58b3cee62cb6e.png'),
(13, 'Renger ', '5', '<ul class="a-unordered-list a-vertical a-spacing-none" style="box-sizing: border-box; margin-top: 0px; margin-right: 0px; margin-left: 18px; color: rgb(148, 148, 148); padding-right: 0px; padding-left: 0px; font-family: Arial, sans-serif; margin-bottom: 0px !important;">\r\n	<li style="box-sizing: border-box; list-style: disc; word-wrap: break-word; margin: 0px;"><span class="a-list-item" style="box-sizing: border-box; color: rgb(17, 17, 17);">Wheel Size: 24</span></li>\r\n	<li style="box-sizing: border-box; list-style: disc; word-wrap: break-word; margin: 0px;"><span class="a-list-item" style="box-sizing: border-box; color: rgb(17, 17, 17);">Frame Size: 20</span></li>\r\n	<li style="box-sizing: border-box; list-style: disc; word-wrap: break-word; margin: 0px;"><span class="a-list-item" style="box-sizing: border-box; color: rgb(17, 17, 17);">Frame Material: Steel Frame -Suspension</span></li>\r\n	<li style="box-sizing: border-box; list-style: disc; word-wrap: break-word; margin: 0px;"><span class="a-list-item" style="box-sizing: border-box; color: rgb(17, 17, 17);">Junior Bike</span></li>\r\n	<li style="box-sizing: border-box; list-style: disc; word-wrap: break-word; margin: 0px;"><span class="a-list-item" style="box-sizing: border-box; color: rgb(17, 17, 17);">Single Speed</span></li>\r\n	<li style="box-sizing: border-box; list-style: disc; word-wrap: break-word; margin: 0px;"><span class="a-list-item" style="box-sizing: border-box; color: rgb(17, 17, 17);">&quot;85% Assembled</span></li>\r\n</ul>\r\n', '3800', '3500', '1', '58b3cf7d29f6a.png'),
(14, 'Renger ', '5', '<ul class="a-unordered-list a-vertical a-spacing-none" style="box-sizing: border-box; margin-top: 0px; margin-right: 0px; margin-left: 18px; color: rgb(148, 148, 148); padding-right: 0px; padding-left: 0px; font-family: Arial, sans-serif; margin-bottom: 0px !important;">\r\n	<li style="box-sizing: border-box; list-style: disc; word-wrap: break-word; margin: 0px;"><span class="a-list-item" style="box-sizing: border-box; color: rgb(17, 17, 17);">Pedals : Mtb Paddle</span></li>\r\n	<li style="box-sizing: border-box; list-style: disc; word-wrap: break-word; margin: 0px;"><span class="a-list-item" style="box-sizing: border-box; color: rgb(17, 17, 17);">Front Derailleur: Shimano</span></li>\r\n	<li style="box-sizing: border-box; list-style: disc; word-wrap: break-word; margin: 0px;"><span class="a-list-item" style="box-sizing: border-box; color: rgb(17, 17, 17);">Frame Size : 19.7 Inches</span></li>\r\n	<li style="box-sizing: border-box; list-style: disc; word-wrap: break-word; margin: 0px;"><span class="a-list-item" style="box-sizing: border-box; color: rgb(17, 17, 17);">Crankset : 24T x 34T x 42T , 165mm</span></li>\r\n	<li style="box-sizing: border-box; list-style: disc; word-wrap: break-word; margin: 0px;"><span class="a-list-item" style="box-sizing: border-box; color: rgb(17, 17, 17);">Front Brake : Cantilever Brakes</span></li>\r\n</ul>\r\n', '4000', '3800', '1', '58b3cfca9110c.png'),
(15, 'Renger ', '5', '<ul class="a-unordered-list a-vertical a-spacing-none" style="box-sizing: border-box; margin-top: 0px; margin-right: 0px; margin-left: 18px; color: rgb(148, 148, 148); padding-right: 0px; padding-left: 0px; font-family: Arial, sans-serif; margin-bottom: 0px !important;">\r\n	<li style="box-sizing: border-box; list-style: disc; word-wrap: break-word; margin: 0px;"><span class="a-list-item" style="box-sizing: border-box; color: rgb(17, 17, 17);">Pedals : Mtb Paddle</span></li>\r\n	<li style="box-sizing: border-box; list-style: disc; word-wrap: break-word; margin: 0px;"><span class="a-list-item" style="box-sizing: border-box; color: rgb(17, 17, 17);">Front Derailleur: Shimano</span></li>\r\n	<li style="box-sizing: border-box; list-style: disc; word-wrap: break-word; margin: 0px;"><span class="a-list-item" style="box-sizing: border-box; color: rgb(17, 17, 17);">Frame Size : 19.7 Inches</span></li>\r\n	<li style="box-sizing: border-box; list-style: disc; word-wrap: break-word; margin: 0px;"><span class="a-list-item" style="box-sizing: border-box; color: rgb(17, 17, 17);">Crankset : 24T x 34T x 42T , 165mm</span></li>\r\n	<li style="box-sizing: border-box; list-style: disc; word-wrap: break-word; margin: 0px;"><span class="a-list-item" style="box-sizing: border-box; color: rgb(17, 17, 17);">Front Brake : Cantilever Brakes</span></li>\r\n</ul>\r\n', '3800', '3600', '1', '58b3d00067f10.png'),
(16, 'Renger ', '5', '<ul class="a-unordered-list a-vertical a-spacing-none" style="box-sizing: border-box; margin-top: 0px; margin-right: 0px; margin-left: 18px; color: rgb(148, 148, 148); padding-right: 0px; padding-left: 0px; font-family: Arial, sans-serif; margin-bottom: 0px !important;">\r\n	<li style="box-sizing: border-box; list-style: disc; word-wrap: break-word; margin: 0px;"><span class="a-list-item" style="box-sizing: border-box; color: rgb(17, 17, 17);">Pedals : Mtb Paddle</span></li>\r\n	<li style="box-sizing: border-box; list-style: disc; word-wrap: break-word; margin: 0px;"><span class="a-list-item" style="box-sizing: border-box; color: rgb(17, 17, 17);">Front Derailleur: Shimano</span></li>\r\n	<li style="box-sizing: border-box; list-style: disc; word-wrap: break-word; margin: 0px;"><span class="a-list-item" style="box-sizing: border-box; color: rgb(17, 17, 17);">Frame Size : 19.7 Inches</span></li>\r\n	<li style="box-sizing: border-box; list-style: disc; word-wrap: break-word; margin: 0px;"><span class="a-list-item" style="box-sizing: border-box; color: rgb(17, 17, 17);">Crankset : 24T x 34T x 42T , 165mm</span></li>\r\n	<li style="box-sizing: border-box; list-style: disc; word-wrap: break-word; margin: 0px;"><span class="a-list-item" style="box-sizing: border-box; color: rgb(17, 17, 17);">Front Brake : Cantilever Brakes</span></li>\r\n</ul>\r\n', '4000', '3800', '1', '58b3d0ce4ed3d.png'),
(17, 'Angel renger', '10', '<ul class="a-unordered-list a-vertical a-spacing-none" style="box-sizing: border-box; margin-top: 0px; margin-right: 0px; margin-left: 18px; color: rgb(148, 148, 148); padding-right: 0px; padding-left: 0px; font-family: Arial, sans-serif; margin-bottom: 0px !important;">\r\n	<li style="box-sizing: border-box; list-style: disc; word-wrap: break-word; margin: 0px;"><span class="a-list-item" style="box-sizing: border-box; color: rgb(17, 17, 17);">Frame : 48.5 CM (19&quot;) Steel, Mig Welded</span></li>\r\n	<li style="box-sizing: border-box; list-style: disc; word-wrap: break-word; margin: 0px;"><span class="a-list-item" style="box-sizing: border-box; color: rgb(17, 17, 17);">Wheel : 40-590 (26 x 1.3/8) Steel Rim</span></li>\r\n	<li style="box-sizing: border-box; list-style: disc; word-wrap: break-word; margin: 0px;"><span class="a-list-item" style="box-sizing: border-box; color: rgb(17, 17, 17);">Brakes : Caliper Brakes With PVC Lever</span></li>\r\n	<li style="box-sizing: border-box; list-style: disc; word-wrap: break-word; margin: 0px;"><span class="a-list-item" style="box-sizing: border-box; color: rgb(17, 17, 17);">Stand : Kick Stand (With Front Basket, Dress Guard &amp; Carrier)&quot;</span></li>\r\n	<li style="box-sizing: border-box; list-style: disc; word-wrap: break-word; margin: 0px;"><span class="a-list-item" style="box-sizing: border-box; color: rgb(17, 17, 17);">Other Available Colour: Rich Burgundy</span></li>\r\n</ul>\r\n', '4200', '4000', '1', '58b3d2ee7b6fd.jpg'),
(18, 'Angel', '10', '<ul class="a-unordered-list a-vertical a-spacing-none" style="box-sizing: border-box; margin-top: 0px; margin-right: 0px; margin-left: 18px; color: rgb(148, 148, 148); padding-right: 0px; padding-left: 0px; font-family: Arial, sans-serif; margin-bottom: 0px !important;">\r\n	<li style="box-sizing: border-box; list-style: disc; word-wrap: break-word; margin: 0px;"><span class="a-list-item" style="box-sizing: border-box; color: rgb(17, 17, 17);">Frame : 48.5 CM (19&quot;) Steel, Mig Welded</span></li>\r\n	<li style="box-sizing: border-box; list-style: disc; word-wrap: break-word; margin: 0px;"><span class="a-list-item" style="box-sizing: border-box; color: rgb(17, 17, 17);">Wheel : 40-590 (26 x 1.3/8) Steel Rim</span></li>\r\n	<li style="box-sizing: border-box; list-style: disc; word-wrap: break-word; margin: 0px;"><span class="a-list-item" style="box-sizing: border-box; color: rgb(17, 17, 17);">Brakes : Caliper Brakes With PVC Lever</span></li>\r\n	<li style="box-sizing: border-box; list-style: disc; word-wrap: break-word; margin: 0px;"><span class="a-list-item" style="box-sizing: border-box; color: rgb(17, 17, 17);">Stand : Kick Stand (With Front Basket, Dress Guard &amp; Carrier)&quot;</span></li>\r\n	<li style="box-sizing: border-box; list-style: disc; word-wrap: break-word; margin: 0px;"><span class="a-list-item" style="box-sizing: border-box; color: rgb(17, 17, 17);">Other Available Colour: Rich Burgundy</span></li>\r\n</ul>\r\n', '4000', '3700', '1', '58b3d30ca54ec.png'),
(19, 'kids cycle', '8', '', '2000', '1800', '1', '58b3d3b54c00e.jpg'),
(20, 'kids cycle', '8', '<ul class="a-unordered-list a-vertical a-spacing-none" style="box-sizing: border-box; margin: 0px 0px 18px 18px; color: rgb(148, 148, 148); padding-right: 0px; padding-left: 0px; font-family: Arial, sans-serif;">\r\n	<li style="box-sizing: border-box; list-style: disc; word-wrap: break-word; margin: 0px;"><span class="a-list-item" style="box-sizing: border-box; color: rgb(17, 17, 17);">Marvel Ultimate Spiderman</span></li>\r\n	<li style="box-sizing: border-box; list-style: disc; word-wrap: break-word; margin: 0px;"><span class="a-list-item" style="box-sizing: border-box; color: rgb(17, 17, 17);">Rigid Frame Color</span></li>\r\n	<li style="box-sizing: border-box; list-style: disc; word-wrap: break-word; margin: 0px;"><span class="a-list-item" style="box-sizing: border-box; color: rgb(17, 17, 17);">V-Brakes</span></li>\r\n	<li style="box-sizing: border-box; list-style: disc; word-wrap: break-word; margin: 0px;"><span class="a-list-item" style="box-sizing: border-box; color: rgb(17, 17, 17);">540Mm Straight Handle Bar</span></li>\r\n	<li style="box-sizing: border-box; list-style: disc; word-wrap: break-word; margin: 0px;"><span class="a-list-item" style="box-sizing: border-box; color: rgb(17, 17, 17);">Frame: Steel Rigid Kindly note: This product will be shipped in a semi assembled/dismantled state</span></li>\r\n</ul>\r\n', '2200', '2000', '1', '58b3d3d893caf.jpg'),
(21, 'Yoddha', '9', '<div class="feature" data-feature-name="featurebullets" id="featurebullets_feature_div" style="box-sizing: border-box; color: rgb(17, 17, 17); font-family: Arial, sans-serif;">\r\n<div class="a-section a-spacing-medium a-spacing-top-small" id="feature-bullets" style="box-sizing: border-box; margin-bottom: 0px; margin-top: 10px !important;">\r\n<ul class="a-unordered-list a-vertical a-spacing-none" style="padding-right: 0px; padding-left: 0px; box-sizing: border-box; margin-top: 0px; margin-right: 0px; margin-left: 18px; color: rgb(148, 148, 148); margin-bottom: 0px !important;">\r\n	<li style="box-sizing: border-box; list-style: disc; word-wrap: break-word; margin: 0px;"><span class="a-list-item" style="box-sizing: border-box; color: rgb(17, 17, 17);">Wheel Size: 28</span></li>\r\n	<li style="box-sizing: border-box; list-style: disc; word-wrap: break-word; margin: 0px;"><span class="a-list-item" style="box-sizing: border-box; color: rgb(17, 17, 17);">Frame Size: 22</span></li>\r\n	<li style="box-sizing: border-box; list-style: disc; word-wrap: break-word; margin: 0px;"><span class="a-list-item" style="box-sizing: border-box; color: rgb(17, 17, 17);">Frame Material: Steel Frame -Suspension</span></li>\r\n	<li style="box-sizing: border-box; list-style: disc; word-wrap: break-word; margin: 0px;"><span class="a-list-item" style="box-sizing: border-box; color: rgb(17, 17, 17);">senior Bike</span></li>\r\n	<li style="box-sizing: border-box; list-style: disc; word-wrap: break-word; margin: 0px;"><span class="a-list-item" style="box-sizing: border-box; color: rgb(17, 17, 17);">Single Speed</span></li>\r\n	<li style="box-sizing: border-box; list-style: disc; word-wrap: break-word; margin: 0px;"><span class="a-list-item" style="box-sizing: border-box; color: rgb(17, 17, 17);">&quot;85% Assembled</span></li>\r\n	<li><span style="color:#000000;">havy duty</span></li>\r\n	<li>&nbsp;</li>\r\n</ul>\r\n</div>\r\n</div>\r\n', '3800', '3600', '1', '58b3d563339df.jpg'),
(22, 'Yoddha cycle', '9', '<ul class="a-unordered-list a-vertical a-spacing-none" style="padding-right: 0px; padding-left: 0px; font-family: Arial, sans-serif; box-sizing: border-box; margin-top: 0px; margin-right: 0px; margin-left: 18px; color: rgb(148, 148, 148); margin-bottom: 0px !important;">\r\n	<li style="box-sizing: border-box; list-style: disc; word-wrap: break-word; margin: 0px;"><span class="a-list-item" style="box-sizing: border-box; color: rgb(17, 17, 17);">Wheel Size: 28</span></li>\r\n	<li style="box-sizing: border-box; list-style: disc; word-wrap: break-word; margin: 0px;"><span class="a-list-item" style="box-sizing: border-box; color: rgb(17, 17, 17);">Frame Size: 22</span></li>\r\n	<li style="box-sizing: border-box; list-style: disc; word-wrap: break-word; margin: 0px;"><span class="a-list-item" style="box-sizing: border-box; color: rgb(17, 17, 17);">Frame Material: Steel Frame -Suspension</span></li>\r\n	<li style="box-sizing: border-box; list-style: disc; word-wrap: break-word; margin: 0px;"><span class="a-list-item" style="box-sizing: border-box; color: rgb(17, 17, 17);">senior Bike</span></li>\r\n	<li style="box-sizing: border-box; list-style: disc; word-wrap: break-word; margin: 0px;"><span class="a-list-item" style="box-sizing: border-box; color: rgb(17, 17, 17);">Single Speed</span></li>\r\n	<li style="box-sizing: border-box; list-style: disc; word-wrap: break-word; margin: 0px;"><span class="a-list-item" style="box-sizing: border-box; color: rgb(17, 17, 17);">&quot;85% Assembled</span></li>\r\n	<li><span style="color: rgb(0, 0, 0);">havy duty</span></li>\r\n	<li>&nbsp;</li>\r\n</ul>\r\n', '4000', '3800', '1', '58b3d5834036b.jpg');

-- --------------------------------------------------------

-- --------------------------------------------------------

--
-- Table structure for table `user`
--

CREATE TABLE IF NOT EXISTS `user` (
  `id` int(11) NOT NULL AUTO_INCREMENT,
  `emailid` varchar(255) NOT NULL,
  `password` varchar(255) NOT NULL,
  `status` int(2) NOT NULL DEFAULT '1',
  PRIMARY KEY (`id`)
) ENGINE=InnoDB  DEFAULT CHARSET=latin1 AUTO_INCREMENT=2 ;

--
-- Dumping data for table `user`
--

INSERT INTO `user` (`id`, `emailid`, `password`, `status`) VALUES
(1, 'Karan@admin.com', 'Karan@5', 1);
INSERT INTO `user` (`id`, `emailid`, `password`, `status`) VALUES
(2, 'Sohana@admin.com', 'Sohana@5', 1);

/*!40101 SET CHARACTER_SET_CLIENT=@OLD_CHARACTER_SET_CLIENT */;
/*!40101 SET CHARACTER_SET_RESULTS=@OLD_CHARACTER_SET_RESULTS */;
/*!40101 SET COLLATION_CONNECTION=@OLD_COLLATION_CONNECTION */;
